{
  "ref": "refs/heads/main",
  "before": "c31ff4f29da7d04ed8343d83648bfec262a6fc63",
  "after": "4de6d2756447708e7f375dc6c3bace2b888025f4",
  "repository": {
    "id": 454740576,
    "node_id": "R_kgDOGxrKYA",
    "name": "demo-1",
    "full_name": "Globe-Organization/demo-1",
    "private": true,
    "owner": {
      "name": "Globe-Organization",
      "email": null,
      "login": "Globe-Organization",
      "id": 98882953,
      "node_id": "O_kgDOBeTViQ",
      "avatar_url": "https://avatars.githubusercontent.com/u/98882953?v=4",
      "gravatar_id": "",
      "url": "https://api.github.com/users/Globe-Organization",
      "html_url": "https://github.com/Globe-Organization",
      "followers_url": "https://api.github.com/users/Globe-Organization/followers",
      "following_url": "https://api.github.com/users/Globe-Organization/following{/other_user}",
      "gists_url": "https://api.github.com/users/Globe-Organization/gists{/gist_id}",
      "starred_url": "https://api.github.com/users/Globe-Organization/starred{/owner}{/repo}",
      "subscriptions_url": "https://api.github.com/users/Globe-Organization/subscriptions",
      "organizations_url": "https://api.github.com/users/Globe-Organization/orgs",
      "repos_url": "https://api.github.com/users/Globe-Organization/repos",
      "events_url": "https://api.github.com/users/Globe-Organization/events{/privacy}",
      "received_events_url": "https://api.github.com/users/Globe-Organization/received_events",
      "type": "Organization",
      "site_admin": false
    },
    "html_url": "https://github.com/Globe-Organization/demo-1",
    "description": null,
    "fork": false,
    "url": "https://github.com/Globe-Organization/demo-1",
    "forks_url": "https://api.github.com/repos/Globe-Organization/demo-1/forks",
    "keys_url": "https://api.github.com/repos/Globe-Organization/demo-1/keys{/key_id}",
    "collaborators_url": "https://api.github.com/repos/Globe-Organization/demo-1/collaborators{/collaborator}",
    "teams_url": "https://api.github.com/repos/Globe-Organization/demo-1/teams",
    "hooks_url": "https://api.github.com/repos/Globe-Organization/demo-1/hooks",
    "issue_events_url": "https://api.github.com/repos/Globe-Organization/demo-1/issues/events{/number}",
    "events_url": "https://api.github.com/repos/Globe-Organization/demo-1/events",
    "assignees_url": "https://api.github.com/repos/Globe-Organization/demo-1/assignees{/user}",
    "branches_url": "https://api.github.com/repos/Globe-Organization/demo-1/branches{/branch}",
    "tags_url": "https://api.github.com/repos/Globe-Organization/demo-1/tags",
    "blobs_url": "https://api.github.com/repos/Globe-Organization/demo-1/git/blobs{/sha}",
    "git_tags_url": "https://api.github.com/repos/Globe-Organization/demo-1/git/tags{/sha}",
    "git_refs_url": "https://api.github.com/repos/Globe-Organization/demo-1/git/refs{/sha}",
    "trees_url": "https://api.github.com/repos/Globe-Organization/demo-1/git/trees{/sha}",
    "statuses_url": "https://api.github.com/repos/Globe-Organization/demo-1/statuses/{sha}",
    "languages_url": "https://api.github.com/repos/Globe-Organization/demo-1/languages",
    "stargazers_url": "https://api.github.com/repos/Globe-Organization/demo-1/stargazers",
    "contributors_url": "https://api.github.com/repos/Globe-Organization/demo-1/contributors",
    "subscribers_url": "https://api.github.com/repos/Globe-Organization/demo-1/subscribers",
    "subscription_url": "https://api.github.com/repos/Globe-Organization/demo-1/subscription",
    "commits_url": "https://api.github.com/repos/Globe-Organization/demo-1/commits{/sha}",
    "git_commits_url": "https://api.github.com/repos/Globe-Organization/demo-1/git/commits{/sha}",
    "comments_url": "https://api.github.com/repos/Globe-Organization/demo-1/comments{/number}",
    "issue_comment_url": "https://api.github.com/repos/Globe-Organization/demo-1/issues/comments{/number}",
    "contents_url": "https://api.github.com/repos/Globe-Organization/demo-1/contents/{+path}",
    "compare_url": "https://api.github.com/repos/Globe-Organization/demo-1/compare/{base}...{head}",
    "merges_url": "https://api.github.com/repos/Globe-Organization/demo-1/merges",
    "archive_url": "https://api.github.com/repos/Globe-Organization/demo-1/{archive_format}{/ref}",
    "downloads_url": "https://api.github.com/repos/Globe-Organization/demo-1/downloads",
    "issues_url": "https://api.github.com/repos/Globe-Organization/demo-1/issues{/number}",
    "pulls_url": "https://api.github.com/repos/Globe-Organization/demo-1/pulls{/number}",
    "milestones_url": "https://api.github.com/repos/Globe-Organization/demo-1/milestones{/number}",
    "notifications_url": "https://api.github.com/repos/Globe-Organization/demo-1/notifications{?since,all,participating}",
    "labels_url": "https://api.github.com/repos/Globe-Organization/demo-1/labels{/name}",
    "releases_url": "https://api.github.com/repos/Globe-Organization/demo-1/releases{/id}",
    "deployments_url": "https://api.github.com/repos/Globe-Organization/demo-1/deployments",
    "created_at": 1643799847,
    "updated_at": "2022-02-02T11:04:07Z",
    "pushed_at": 1643807181,
    "git_url": "git://github.com/Globe-Organization/demo-1.git",
    "ssh_url": "git@github.com:Globe-Organization/demo-1.git",
    "clone_url": "https://github.com/Globe-Organization/demo-1.git",
    "svn_url": "https://github.com/Globe-Organization/demo-1",
    "homepage": null,
    "size": 0,
    "stargazers_count": 0,
    "watchers_count": 0,
    "language": null,
    "has_issues": true,
    "has_projects": true,
    "has_downloads": true,
    "has_wiki": true,
    "has_pages": false,
    "forks_count": 0,
    "mirror_url": null,
    "archived": false,
    "disabled": false,
    "open_issues_count": 0,
    "license": null,
    "allow_forking": false,
    "is_template": false,
    "topics": [
    ],
    "visibility": "private",
    "forks": 0,
    "open_issues": 0,
    "watchers": 0,
    "default_branch": "main",
    "stargazers": 0,
    "master_branch": "main",
    "organization": "Globe-Organization"
  },
  "pusher": {
    "name": "padmarajGit",
    "email": "95415735+padmarajGit@users.noreply.github.com"
  },
  "organization": {
    "login": "Globe-Organization",
    "id": 98882953,
    "node_id": "O_kgDOBeTViQ",
    "url": "https://api.github.com/orgs/Globe-Organization",
    "repos_url": "https://api.github.com/orgs/Globe-Organization/repos",
    "events_url": "https://api.github.com/orgs/Globe-Organization/events",
    "hooks_url": "https://api.github.com/orgs/Globe-Organization/hooks",
    "issues_url": "https://api.github.com/orgs/Globe-Organization/issues",
    "members_url": "https://api.github.com/orgs/Globe-Organization/members{/member}",
    "public_members_url": "https://api.github.com/orgs/Globe-Organization/public_members{/member}",
    "avatar_url": "https://avatars.githubusercontent.com/u/98882953?v=4",
    "description": null
  },
  "sender": {
    "login": "padmarajGit",
    "id": 95415735,
    "node_id": "U_kgDOBa_ttw",
    "avatar_url": "https://avatars.githubusercontent.com/u/95415735?v=4",
    "gravatar_id": "",
    "url": "https://api.github.com/users/padmarajGit",
    "html_url": "https://github.com/padmarajGit",
    "followers_url": "https://api.github.com/users/padmarajGit/followers",
    "following_url": "https://api.github.com/users/padmarajGit/following{/other_user}",
    "gists_url": "https://api.github.com/users/padmarajGit/gists{/gist_id}",
    "starred_url": "https://api.github.com/users/padmarajGit/starred{/owner}{/repo}",
    "subscriptions_url": "https://api.github.com/users/padmarajGit/subscriptions",
    "organizations_url": "https://api.github.com/users/padmarajGit/orgs",
    "repos_url": "https://api.github.com/users/padmarajGit/repos",
    "events_url": "https://api.github.com/users/padmarajGit/events{/privacy}",
    "received_events_url": "https://api.github.com/users/padmarajGit/received_events",
    "type": "User",
    "site_admin": false
  },
  "created": false,
  "deleted": false,
  "forced": false,
  "base_ref": null,
  "compare": "https://github.com/Globe-Organization/demo-1/compare/c31ff4f29da7...4de6d2756447",
  "commits": [
    {
      "id": "4de6d2756447708e7f375dc6c3bace2b888025f4",
      "tree_id": "21c7e2783fb6785673e7a8d0f66885c69f3e93bc",
      "distinct": true,
      "message": "Update Readme\n\nasd asda a #ts:8h",
      "timestamp": "2022-02-02T18:36:21+05:30",
      "url": "https://github.com/Globe-Organization/demo-1/commit/4de6d2756447708e7f375dc6c3bace2b888025f4",
      "author": {
        "name": "padmarajGit",
        "email": "95415735+padmarajGit@users.noreply.github.com",
        "username": "padmarajGit"
      },
      "committer": {
        "name": "GitHub",
        "email": "noreply@github.com",
        "username": "web-flow"
      },
      "added": [
      ],
      "removed": [
      ],
      "modified": [
        "README.md"
      ]
    }
  ],
  "head_commit": {
    "id": "4de6d2756447708e7f375dc6c3bace2b888025f4",
    "tree_id": "21c7e2783fb6785673e7a8d0f66885c69f3e93bc",
    "distinct": true,
    "message": "Update Readme\n\nasd asda a",
    "timestamp": "2022-02-02T18:36:21+05:30",
    "url": "https://github.com/Globe-Organization/demo-1/commit/4de6d2756447708e7f375dc6c3bace2b888025f4",
    "author": {
      "name": "padmarajGit",
      "email": "95415735+padmarajGit@users.noreply.github.com",
      "username": "padmarajGit"
    },
    "committer": {
      "name": "GitHub",
      "email": "noreply@github.com",
      "username": "web-flow"
    },
    "added": [
    ],
    "removed": [
    ],
    "modified": [
      "README.md"
    ]
  }
}




//Next call to api to find detailed commit
{
  "sha": "4de6d2756447708e7f375dc6c3bace2b888025f4",
  "node_id": "C_kwDOGxrKYNoAKDRkZTZkMjc1NjQ0NzcwOGU3ZjM3NWRjNmMzYmFjZTJiODg4MDI1ZjQ",
  "commit": {
    "author": {
      "name": "padmarajGit",
      "email": "95415735+padmarajGit@users.noreply.github.com",
      "date": "2022-02-02T13:06:21Z"
    },
    "committer": {
      "name": "GitHub",
      "email": "noreply@github.com",
      "date": "2022-02-02T13:06:21Z"
    },
    "message": "Update Readme\n\nasd asda a",
    "tree": {
      "sha": "21c7e2783fb6785673e7a8d0f66885c69f3e93bc",
      "url": "https://api.github.com/repos/Globe-Organization/demo-1/git/trees/21c7e2783fb6785673e7a8d0f66885c69f3e93bc"
    },
    "url": "https://api.github.com/repos/Globe-Organization/demo-1/git/commits/4de6d2756447708e7f375dc6c3bace2b888025f4",
    "comment_count": 0,
    "verification": {
      "verified": true,
      "reason": "valid",
      "signature": "-----BEGIN PGP SIGNATURE-----\n\nwsBcBAABCAAQBQJh+oHNCRBK7hj4Ov3rIwAA+FAIAIk9CiSncUzIK/XIrRuIf98L\ntG32QxifXPWJEDXDoEnUSvjG+mpmMxJ4dU3zdN2zv//ZY4nJufRlmlkHzg5RMTCe\nVTpa/Wio7EVAndl0bYuNwVC0D+5LwoVKK01f+EePMOHVahJw9yaKk+oDH0AZAfyI\nY/19U1AteDxH2bQpxBc2qCXXxJaGbcQsYYrdtbeF6loUYCbXkkf99QHdrtCiozHp\nPv6xHbH9dC1aTKguPDgppcsdcc54qf5HwT7tLqHceNyyI1FdjuCM4cF4ylZctATl\nL2LHrItBLmjvIv8RTyshIdIvkEbH+Nxox3Gsy1OPq0AwDEv+Nrmy+MP1v6wMJLY=\n=FSBj\n-----END PGP SIGNATURE-----\n",
      "payload": "tree 21c7e2783fb6785673e7a8d0f66885c69f3e93bc\nparent c31ff4f29da7d04ed8343d83648bfec262a6fc63\nauthor padmarajGit <95415735+padmarajGit@users.noreply.github.com> 1643807181 +0530\ncommitter GitHub <noreply@github.com> 1643807181 +0530\n\nUpdate Readme\n\nasd asda a"
    }
  },
  "url": "https://api.github.com/repos/Globe-Organization/demo-1/commits/4de6d2756447708e7f375dc6c3bace2b888025f4",
  "html_url": "https://github.com/Globe-Organization/demo-1/commit/4de6d2756447708e7f375dc6c3bace2b888025f4",
  "comments_url": "https://api.github.com/repos/Globe-Organization/demo-1/commits/4de6d2756447708e7f375dc6c3bace2b888025f4/comments",
  "author": {
    "login": "padmarajGit",
    "id": 95415735,
    "node_id": "U_kgDOBa_ttw",
    "avatar_url": "https://avatars.githubusercontent.com/u/95415735?v=4",
    "gravatar_id": "",
    "url": "https://api.github.com/users/padmarajGit",
    "html_url": "https://github.com/padmarajGit",
    "followers_url": "https://api.github.com/users/padmarajGit/followers",
    "following_url": "https://api.github.com/users/padmarajGit/following{/other_user}",
    "gists_url": "https://api.github.com/users/padmarajGit/gists{/gist_id}",
    "starred_url": "https://api.github.com/users/padmarajGit/starred{/owner}{/repo}",
    "subscriptions_url": "https://api.github.com/users/padmarajGit/subscriptions",
    "organizations_url": "https://api.github.com/users/padmarajGit/orgs",
    "repos_url": "https://api.github.com/users/padmarajGit/repos",
    "events_url": "https://api.github.com/users/padmarajGit/events{/privacy}",
    "received_events_url": "https://api.github.com/users/padmarajGit/received_events",
    "type": "User",
    "site_admin": false
  },
  "committer": {
    "login": "web-flow",
    "id": 19864447,
    "node_id": "MDQ6VXNlcjE5ODY0NDQ3",
    "avatar_url": "https://avatars.githubusercontent.com/u/19864447?v=4",
    "gravatar_id": "",
    "url": "https://api.github.com/users/web-flow",
    "html_url": "https://github.com/web-flow",
    "followers_url": "https://api.github.com/users/web-flow/followers",
    "following_url": "https://api.github.com/users/web-flow/following{/other_user}",
    "gists_url": "https://api.github.com/users/web-flow/gists{/gist_id}",
    "starred_url": "https://api.github.com/users/web-flow/starred{/owner}{/repo}",
    "subscriptions_url": "https://api.github.com/users/web-flow/subscriptions",
    "organizations_url": "https://api.github.com/users/web-flow/orgs",
    "repos_url": "https://api.github.com/users/web-flow/repos",
    "events_url": "https://api.github.com/users/web-flow/events{/privacy}",
    "received_events_url": "https://api.github.com/users/web-flow/received_events",
    "type": "User",
    "site_admin": false
  },
  "parents": [
    {
      "sha": "c31ff4f29da7d04ed8343d83648bfec262a6fc63",
      "url": "https://api.github.com/repos/Globe-Organization/demo-1/commits/c31ff4f29da7d04ed8343d83648bfec262a6fc63",
      "html_url": "https://github.com/Globe-Organization/demo-1/commit/c31ff4f29da7d04ed8343d83648bfec262a6fc63"
    }
  ],
  "stats": {
    "total": 6,
    "additions": 5,
    "deletions": 1
  },
  "files": [
    {
      "sha": "957ed0aa89a78766cc9ef8c3429a3cb8588a6212",
      "filename": "README.md",
      "status": "modified",
      "additions": 5,
      "deletions": 1,
      "changes": 6,
      "blob_url": "https://github.com/Globe-Organization/demo-1/blob/4de6d2756447708e7f375dc6c3bace2b888025f4/README.md",
      "raw_url": "https://github.com/Globe-Organization/demo-1/raw/4de6d2756447708e7f375dc6c3bace2b888025f4/README.md",
      "contents_url": "https://api.github.com/repos/Globe-Organization/demo-1/contents/README.md?ref=4de6d2756447708e7f375dc6c3bace2b888025f4",
      "patch": "@@ -1 +1,5 @@\n-# demo-1\n\\ No newline at end of file\n+# demo-1\n+\n+# This application is used for demo purpose for testing Github Webhooks for Push Event.\n+## need to check no of lines updated in commit.\n+##"
    }
  ]
}